{"train": [1596.9285888671875, 333.6216125488281, 332.8856201171875, 164.24319458007812, 186.37667846679688, 172.63229370117188, 115.18707275390625, 97.57147216796875, 77.77861022949219, 120.18862915039062, 51.2951545715332, 56.88848114013672, 51.783016204833984, 52.06468963623047, 61.47093200683594], "test": [14.903514862060547, 31.65890884399414, 53.17409133911133, 29.083545684814453, 0.0, 0.0, 0.0, 5.161956787109375, 15.329879760742188, 12.521905899047852, 5.2503509521484375, 23.07607650756836, 4.712615966796875, 27.767284393310547, 19.7071590423584], "acc": {"0": {"accuracy": 0.8419}, "5": {"accuracy": 0.9706}, "10": {"accuracy": 0.9779}, "15": {"accuracy": 0.9926}}}