{"train": [1228.8863525390625, 133.24046325683594, 158.68612670898438, 74.1546401977539, 60.31849670410156, 18.94403839111328, 35.09480667114258, 29.150745391845703, 33.54821014404297, 20.7667293548584, 35.571739196777344, 34.057228088378906, 16.118972778320312, 15.216364860534668, 17.522340774536133, 19.819345474243164, 16.153188705444336, 8.019777297973633, 1.213998794555664, 9.328313827514648, 16.11669158935547, 4.92497444152832, 3.049506902694702, 7.575553894042969, 7.989667892456055], "test": [31.019893646240234, 10.741291999816895, 6.826257705688477, 9.810888290405273, 5.614727973937988, 7.838104248046875, 13.877716064453125, 5.780735969543457, 12.153938293457031, 4.921939373016357, 8.259195327758789, 3.387727737426758, 5.354193687438965, 7.6633100509643555, 2.0122241973876953, 2.715207576751709, 12.235471725463867, 5.107387542724609, 9.868165016174316, 11.261131286621094, 5.890089988708496, 1.971085548400879, 7.566023826599121, 3.1429595947265625, 2.5106940269470215], "acc": {"0": {"accuracy": 0.8235}, "5": {"accuracy": 0.9559}, "10": {"accuracy": 0.9779}, "15": {"accuracy": 0.9853}, "20": {"accuracy": 0.9816}, "25": {"accuracy": 0.9853}}}