{"train": [69.01183319091797, 34.622230529785156, 31.952573776245117, 27.871967315673828, 22.5047607421875, 
21.616863250732422, 19.4045467376709, 20.684085845947266, 17.93782615661621, 17.556880950927734, 16.686887741088867, 
14.352864265441895, 14.543662071228027, 12.35594654083252, 11.591523170471191, 9.933526039123535, 9.837057113647461, 
8.960683822631836, 9.735111236572266, 8.791671752929688, 9.499971389770508, 7.196925163269043, 7.873238563537598, 8.006488800048828, 8.411429405212402], 
"test": [12.451225280761719, 11.69225025177002, 10.820317268371582, 7.567763328552246, 7.247432231903076, 6.369295597076416, 6.970876216888428, 
6.4876508712768555, 8.919953346252441, 5.897865295410156, 6.371029853820801, 6.383017539978027, 6.2944512367248535, 4.7803850173950195, 5.207845211029053, 4.915695667266846, 6.434830665588379, 4.633773326873779, 3.8617825508117676, 5.237244129180908,
 4.513214111328125, 3.5478944778442383, 4.386898040771484, 5.079225540161133, 4.746960163116455], 
"acc": {"0": {"accuracy": 0.3309}, "5": {"accuracy": 0.3787}, "10": {"accuracy": 0.4596}, "15": {"accuracy": 0.489}, "20": {"accuracy": 0.4816}, "25": {"accuracy": 0.5809}}}