{"train": [11466.640625, 3939.603759765625, 2007.5802001953125, 1820.2431640625, 1319.1541748046875, 909.2781982421875, 669.0436401367188, 630.6942749023438, 541.7085571289062, 541.9069213867188, 232.00372314453125, 234.43701171875, 415.11517333984375, 256.181396484375, 82.3819580078125, 200.98081970214844, 84.7134017944336, 81.52580261230469, 172.90603637695312, 148.3579559326172, 211.09361267089844, 154.02816772460938, 80.09913635253906, 289.8091125488281, 144.80381774902344], "test": [1618.6163330078125, 893.3189697265625, 665.611572265625, 403.305419921875, 420.13421630859375, 393.5958557128906, 559.9918823242188, 343.0622863769531, 544.2816162109375, 197.69036865234375, 755.9515991210938, 204.2100830078125, 338.6258544921875, 150.88592529296875, 210.8239288330078, 127.95014953613281, 296.58203125, 85.8565673828125, 85.62264251708984, 292.31341552734375, 270.8443603515625, 278.29901123046875, 58.636260986328125, 203.95700073242188, 368.60394287109375], "acc": {"0": {"accuracy": 0.7978}, "5": {"accuracy": 0.9265}, "10": {"accuracy": 0.9449}, "15": {"accuracy": 0.9412}, "20": {"accuracy": 0.9449}, "25": {"accuracy": 0.9559}}}