{"train": [1842.2401123046875, 362.9717712402344, 202.4845733642578, 169.69796752929688, 133.60491943359375, 115.2236099243164, 108.33208465576172, 102.57685852050781, 100.99056243896484, 90.49773406982422, 78.22608947753906, 76.6296157836914, 72.47096252441406, 68.4943618774414, 63.68410110473633, 61.75349426269531, 62.82112121582031, 61.422203063964844, 60.07060241699219, 58.142967224121094, 58.244972229003906, 60.33757781982422, 59.52735137939453, 57.08835220336914, 57.43449783325195], "test": [137.2289581298828, 52.489707946777344, 53.29499435424805, 43.919921875, 32.26051712036133, 30.428789138793945, 27.310810089111328, 29.63641929626465, 23.840456008911133, 22.30219268798828, 19.36582374572754, 21.32534408569336, 18.190174102783203, 16.34429168701172, 17.125951766967773, 19.1319637298584, 16.725284576416016, 15.704547882080078, 16.203712463378906, 15.140687942504883, 16.574291229248047, 16.161752700805664, 15.531754493713379, 14.426630973815918, 15.507736206054688], "acc": {"0": {"accuracy": 0.1912}, "5": {"accuracy": 0.2059}, "10": {"accuracy": 0.2537}, "15": {"accuracy": 0.3199}, "20": {"accuracy": 0.3125}, "25": {"accuracy": 0.3309}}}