{"train": [1524.81103515625, 303.6238708496094, 189.44606018066406, 113.23773193359375, 51.18998336791992, 54.204978942871094, 121.61439514160156, 74.20088958740234, 42.35486602783203, 52.940032958984375, 40.58888626098633, 37.351837158203125, 18.447599411010742, 41.69404602050781, 68.78053283691406, 42.92249298095703, 21.747350692749023, 18.488502502441406, 26.281192779541016, 34.985076904296875, 6.143632411956787, 18.52494239807129, 20.558717727661133, 14.455351829528809, 5.382661819458008], 
"test": [22.608545303344727, 18.517108917236328, 20.368141174316406, 0.11400413513183594, 2.0124526023864746, 5.3411455154418945, 3.3817195892333984, 10.201082229614258, 16.436847686767578, 4.73378849029541, 3.006498336791992, 2.666830539703369, 9.990914344787598, 14.079473495483398, 10.491408348083496, 1.2486963272094727, 4.014126777648926, 10.812641143798828, 4.934248924255371, 22.216529846191406, 20.15180206298828, 6.64574670791626, 11.258914947509766, 6.7043137550354, 3.513479232788086], 
"acc": {"0": {"accuracy": 0.8162}, "5": {"accuracy": 0.9706}, "10": {"accuracy": 0.9706}, "15": {"accuracy": 0.9743}, "20": {"accuracy": 0.9706}, "25": {"accuracy": 0.9743}}}