{"train": [2190.746826171875, 454.086181640625, 278.7658386230469, 205.98892211914062, 172.7943115234375, 201.88075256347656, 183.12158203125, 135.85812377929688, 130.90115356445312, 125.15422058105469, 132.1089324951172, 123.87568664550781, 117.44476318359375, 115.31845092773438, 112.52501678466797, 113.38433074951172, 107.62970733642578, 103.23432922363281, 97.22611236572266, 94.66384887695312, 90.42137145996094, 85.9598388671875, 81.83122253417969, 81.031494140625, 80.25862121582031], "test": [129.3307647705078, 68.0194320678711, 65.55964660644531, 38.33612823486328, 42.39606857299805, 35.81495666503906, 33.50001907348633, 33.155704498291016, 32.89543533325195, 31.69579315185547, 30.020099639892578, 31.507701873779297, 29.74921226501465, 26.26205062866211, 27.508214950561523, 26.7513484954834, 27.553592681884766, 22.370426177978516, 25.363492965698242, 19.556434631347656, 20.677032470703125, 22.55941390991211, 20.222442626953125, 17.97660255432129, 18.538589477539062], "acc": {"0": {"accuracy": 0.1985}, "5": {"accuracy": 0.1912}, "10": {"accuracy": 0.2059}, "15": {"accuracy": 0.2316}, "20": {"accuracy": 0.2941}, "25": {"accuracy": 0.3125}}}