{"train": [4777.5458984375, 996.6423950195312, 571.8584594726562, 580.888671875, 435.366943359375, 389.6319274902344, 377.618896484375, 362.1609802246094, 353.3695068359375, 337.81512451171875, 316.135009765625, 296.1791076660156, 264.627197265625, 242.6513671875, 248.54623413085938, 229.09405517578125, 229.77305603027344, 230.48170471191406, 236.5595703125, 219.42001342773438, 223.5436248779297, 222.84437561035156, 228.7154541015625, 226.14476013183594, 214.1134796142578], "test": [346.7246398925781, 178.0868682861328, 191.12738037109375, 121.38375091552734, 108.48624420166016, 93.28887939453125, 89.54066467285156, 86.84032440185547, 91.69096374511719, 75.96607208251953, 67.34557342529297, 66.30785369873047, 64.23136901855469, 55.529300689697266, 56.0359001159668, 61.095699310302734, 58.16276931762695, 56.64003372192383, 59.68318557739258, 51.346961975097656, 54.202552795410156, 49.9009895324707, 54.0279541015625, 53.52875518798828, 56.045494079589844], "acc": {"0": {"accuracy": 0.1801}, "5": {"accuracy": 0.2463}, "10": {"accuracy": 0.2684}, "15": {"accuracy": 0.2831}, "20": {"accuracy": 0.3125}, "25": {"accuracy": 0.3346}}}