{"train": [616.2529296875, 86.16056823730469, 42.816951751708984, 55.249324798583984, 35.52983856201172, 34.60946273803711, 
17.17047882080078, 18.216087341308594, 18.244348526000977, 17.44822883605957, 12.960653305053711, 8.78245735168457, 
9.35291862487793, 16.0120849609375, 18.342472076416016, 9.405370712280273, 0.39142322540283203, 8.15457820892334, 
12.353315353393555, 13.58756160736084, 6.037134170532227, 12.01445198059082, 8.79759407043457, 9.788704872131348, 
7.685513973236084], "test": [26.335006713867188, 10.99599838256836, 4.637691020965576, 1.3973047733306885, 
3.19193172454834, 4.1008806228637695, 1.1896893978118896, 5.140569686889648, 6.85359001159668, 3.417983293533325, 
3.36415958404541, 4.422718048095703, 3.261937379837036, 3.721952438354492, 4.238010883331299, 3.413792610168457, 
0.3088359832763672, 3.146811008453369, 1.7265233993530273, 6.53635835647583, 3.895596981048584, 4.403427600860596, 
3.1077706813812256, 3.388262987136841, 3.193190097808838], 
"acc": {"0": {"accuracy": 0.8162}, "5": {"accuracy": 0.9559}, "10": {"accuracy": 0.9522}, "15": {"accuracy": 0.9853}, "20": {"accuracy": 0.989}, "25": {"accuracy": 0.9816}}}