{"train": [2190.746826171875, 454.086181640625, 278.7658386230469, 205.98892211914062, 172.7943115234375, 201.88075256347656, 183.12158203125, 135.85812377929688, 130.90115356445312, 125.15422058105469, 132.1089324951172, 123.87568664550781, 117.44476318359375, 115.31845092773438, 112.52501678466797], "test": [129.3307647705078, 68.0194320678711, 65.55964660644531, 38.33612823486328, 42.39606857299805, 35.81495666503906, 33.50001907348633, 33.155704498291016, 32.89543533325195, 31.69579315185547, 30.020099639892578, 31.507701873779297, 29.74921226501465, 26.26205062866211, 27.508214950561523], "acc": {"0": {"accuracy": 0.1985}, "5": {"accuracy": 0.1912}, "10": {"accuracy": 0.2059}, "15": {"accuracy": 0.2316}}}