{
  "train": [
    7661.52392578125, 2455.0087890625, 1511.720703125, 1246.6544189453125,
    529.3312377929688, 788.6192626953125, 592.4169921875, 391.5881652832031,
    357.7898864746094, 366.84368896484375, 501.514892578125, 422.1978454589844,
    533.0194702148438, 181.32115173339844, 139.57223510742188,
    471.6954345703125, 154.80331420898438, 107.41189575195312,
    211.31809997558594, 184.6138916015625, 254.78652954101562, 187.317138671875,
    128.8311767578125, 211.5087890625, 30.895286560058594
  ],
  "test": [
    483.5538330078125, 421.7199401855469, 379.0130615234375, 217.12515258789062,
    309.6717529296875, 484.042724609375, 234.59364318847656, 126.12837982177734,
    402.61822509765625, 179.8331298828125, 413.36798095703125,
    419.8786315917969, 136.78408813476562, 753.6729736328125,
    453.68133544921875, 270.6587219238281, 535.754150390625, 295.763427734375,
    613.719482421875, 269.3052978515625, 446.948974609375, 403.83984375,
    349.7140808105469, 110.03912353515625, 449.6230163574219
  ],
  "acc": {
    "0": { "accuracy": 0.7794 },
    "5": { "accuracy": 0.9191 },
    "10": { "accuracy": 0.9412 },
    "15": { "accuracy": 0.9338 },
    "20": { "accuracy": 0.9449 },
    "25": { "accuracy": 0.9559 }
  }
}
