{"train": [1596.9285888671875, 333.6216125488281, 332.8856201171875, 164.24319458007812, 186.37667846679688, 
172.63229370117188, 115.18707275390625, 97.57147216796875, 77.77861022949219, 120.18862915039062, 51.2951545715332, 
56.88848114013672, 51.783016204833984, 52.06468963623047, 61.47093200683594, 45.582515716552734, 26.751087188720703, 
50.0620002746582, 87.8275375366211, 131.82342529296875, 27.982667922973633, 40.512420654296875, 57.23040771484375, 
69.48584747314453, 41.45412826538086], "test": [14.903514862060547, 31.65890884399414, 53.17409133911133, 
29.083545684814453, 0.0, 0.0, 0.0, 5.161956787109375, 15.329879760742188, 12.521905899047852, 5.2503509521484375, 
23.07607650756836, 4.712615966796875, 27.767284393310547, 19.7071590423584, 6.429527282714844, 16.185752868652344, 
104.30763244628906, 21.33353614807129, 10.166976928710938, 13.937078475952148, 8.642216682434082, 11.92941665649414, 
25.994251251220703, 20.205223083496094], 
"acc": {"0": {"accuracy": 0.8419}, "5": {"accuracy": 0.9706}, "10": {"accuracy": 0.9779}, "15": {"accuracy": 0.9926}, "20": {"accuracy": 0.9853}, "25": {"accuracy": 0.9743}}}