{
  "train": [
    744.1001586914062, 135.32351684570312, 76.91333770751953, 69.7137451171875,
    60.575443267822266, 48.01068115234375, 44.18037033081055, 40.98862838745117,
    37.50334167480469, 34.839378356933594, 36.36497116088867, 34.59683609008789,
    33.3987922668457, 34.15422058105469, 33.86997604370117, 35.64213180541992,
    34.22157287597656, 33.33365249633789, 34.46810531616211, 32.523658752441406,
    30.38398551940918, 27.210914611816406, 27.18596076965332, 27.91144561767578,
    27.281789779663086
  ],
  "test": [
    42.808773040771484, 26.464523315429688, 13.258445739746094,
    13.683972358703613, 12.048080444335938, 10.664078712463379,
    10.622664451599121, 11.22374439239502, 10.255465507507324,
    10.938612937927246, 9.585012435913086, 9.339045524597168,
    10.975708961486816, 8.965538024902344, 11.056577682495117,
    10.369443893432617, 9.517172813415527, 10.71504020690918, 9.59107494354248,
    10.841696739196777, 9.41564655303955, 11.892067909240723, 7.757399082183838,
    7.729635238647461, 6.629830360412598
  ],
  "acc": {
    "0": { "accuracy": 0.1801 },
    "5": { "accuracy": 0.1912 },
    "10": { "accuracy": 0.2096 },
    "15": { "accuracy": 0.2353 },
    "20": { "accuracy": 0.2978 },
    "25": { "accuracy": 0.2794 }
  }
}
