{"train": [609.2525024414062, 47.7231559753418, 38.561954498291016, 31.076406478881836, 18.443708419799805, 17.716968536376953, 12.638669967651367, 9.384725570678711, 9.96319580078125, 10.17761516571045], "test": [15.368844985961914, 10.81423282623291, 9.27233600616455, 5.82578182220459, 4.821411609649658, 4.534414768218994, 2.701597213745117, 3.877018928527832, 6.170029640197754, 2.4415714740753174], 
"acc": {"0": {"accuracy": 0.7904}, "5": {"accuracy": 0.8199}, "10": {"accuracy": 0.9228}}}