{"train": [168.4923858642578, 74.05220794677734, 72.49989318847656, 66.27252960205078, 60.233604431152344, 59.41836929321289, 49.806121826171875, 50.02685546875, 49.56989669799805, 48.89701843261719, 44.19559097290039, 38.562599182128906, 35.29081344604492, 38.37668991088867, 37.40596389770508, 30.35209846496582, 31.4739933013916, 29.824405670166016, 24.518842697143555, 25.594350814819336, 28.286088943481445, 26.023828506469727, 23.52165412902832, 24.65393829345703, 21.98800277709961], "test": [26.45470428466797, 26.557130813598633, 28.28569793701172, 23.26043128967285, 18.893558502197266, 19.467130661010742, 17.241172790527344, 17.386882781982422, 20.11713409423828, 18.347671508789062, 16.18256187438965, 12.292704582214355, 13.476113319396973, 9.526158332824707, 9.180251121520996, 13.09409236907959, 9.35382080078125, 10.89453411102295, 12.43520450592041, 11.911787986755371, 12.704540252685547, 10.468287467956543, 9.160943984985352, 10.563934326171875, 11.926346778869629], "acc": {"0": {"accuracy": 0.3272}, "5": {"accuracy": 0.4412}, "10": {"accuracy": 0.4926}, "15": {"accuracy": 0.5588}, "20": {"accuracy": 0.6029}, "25": {"accuracy": 0.6581}}}