{"train": [7542.32568359375, 1634.7923583984375, 1073.8282470703125, 809.62158203125, 532.0867919921875, 362.36102294921875, 275.8451843261719, 220.72267150878906, 164.34156799316406, 145.2559814453125, 119.23051452636719, 97.42548370361328, 85.78837585449219, 72.37789154052734, 65.97541046142578, 57.04819869995117, 48.93880081176758, 43.883445739746094, 40.40432357788086, 36.59525680541992, 32.61845779418945, 30.633358001708984, 28.621784210205078, 26.486780166625977, 23.637134552001953], "test": [556.9026489257812, 403.4685363769531, 275.47021484375, 187.52113342285156, 125.05934143066406, 88.22975158691406, 73.94709014892578, 54.48515319824219, 44.192752838134766, 37.292884826660156, 33.61970901489258, 26.522153854370117, 20.889867782592773, 20.409046173095703, 17.665874481201172, 15.48693561553955, 13.70492172241211, 12.243855476379395, 10.406488418579102, 10.923332214355469, 10.87936782836914, 8.744610786437988, 7.310020923614502, 7.417261600494385, 6.632212162017822], "acc": {"0": {"accuracy": 0.3272}, "5": {"accuracy": 0.239}, "10": {"accuracy": 0.2132}, "15": {"accuracy": 0.2132}, "20": {"accuracy": 0.2243}, "25": {"accuracy": 0.2537}}}