{
  "train": [
    1570.048095703125, 186.40585327148438, 93.4757080078125, 46.38542938232422,
    61.740352630615234, 50.36163330078125
  ],
  "test": [
    6.3411407470703125, 49.54337692260742, 10.309969902038574, 0.0, 0.0, 0.0
  ],
  "acc": {
    "0": { "accuracy": 0.9559 },
    "1": { "accuracy": 0.9706 },
    "2": { "accuracy": 0.9743 },
    "3": { "accuracy": 0.9853 },
    "4": { "accuracy": 0.9926 },
    "5": { "accuracy": 0.9963 },
    "6": { "accuracy": 0.9963 }
  }
}
