{
  "0": {
    "maps": [
      0.019439165435259177, 0.029885495364010986, 0.14493134903291152,
      0.02260846792096792, 0.0774015372648185, 0.13264603235306363,
      0.029889576569264067, 0.03091730860285548, 0.0168481583520646,
      0.03645011130362693, 0.021011654361263735, 0.0634454521173271,
      0.06874728461642524, 0.03663642130439005, 0.10540504417457541,
      0.019467403256465756, 0.032049612713675214
    ],
    "accuracy": 0.1912
  },
  "5": {
    "maps": [
      0.012578242070429568, 0.031602989024864026, 0.02458642702783327,
      0.027991062756687758, 0.016154499797077924, 0.1259378533792596,
      0.0047309027777777775, 0.023342168898809523, 0.014023509043040292,
      0.03154690361721612, 0.03708733757561883, 0.047665062801781545,
      0.09845510934378121, 0.030055399244852368, 0.16716131091131095,
      0.11600791244345932, 0.04021524265664891
    ],
    "accuracy": 0.1985
  },
  "10": {
    "maps": [
      0.025724210685148182, 0.0303288887761544, 0.03197368495220058,
      0.04183196360930736, 0.04769127357017982, 0.12900362983370797,
      0.015701659451659453, 0.03653979484057609, 0.014655992878649127,
      0.017208074044011545, 0.10501039758852258, 0.04514171809093684,
      0.1048259791423854, 0.036274001606032856, 0.1339030544108669,
      0.19754124456272895, 0.07195197922736984
    ],
    "accuracy": 0.2316
  },
  "15": {
    "maps": [
      0.031098968305999557, 0.03349454365079365, 0.05846434923583361,
      0.03196386946386946, 0.05229521997100122, 0.05375888217685093,
      0.02086409684065934, 0.04044424000478687, 0.10146191698926074,
      0.027231248569139187, 0.13419660851301476, 0.06332014339826841,
      0.08055076433982683, 0.04859664532516095, 0.11325121276293149,
      0.16111768006299257, 0.08856414310515871
    ],
    "accuracy": 0.2206
  },
  "19": {
    "maps": [
      0.048998852709790194, 0.020978609064546565, 0.06211991675858864,
      0.03268293121808746, 0.03941818814865689, 0.0713182217088467,
      0.02564375728438228, 0.01800172483766234, 0.07349169927294925,
      0.04521685996295371, 0.14781653350989288, 0.05394678563623876,
      0.0793458169434732, 0.03596296281843157, 0.1001130434235903,
      0.09629935494193308, 0.07398428394522144
    ],
    "accuracy": 0.239
  }
}
