{
  "0": {
    "maps": [
      0.23094235408688532, 0.20869125991196305, 0.5338514458631647,
      0.4655747789536852, 0.510613437127109, 0.5651459109466922,
      0.614863928389319, 0.17191937836469087, 0.6235471939085221,
      0.8249968889617327, 1.0, 0.7719745965839715, 0.4301244220189533,
      0.3987700938384532, 0.5409536372915279, 0.8603210103698384,
      0.8062797012015762
    ],
    "accuracy": 0.8419
  },
  "5": {
    "maps": [
      0.7685011657179626, 0.8740535993953963, 0.8862864186594654,
      0.970561345121892, 0.9180763572365134, 1.0, 1.0, 0.5657453278058747,
      0.909267457802614, 1.0, 0.9893540162094849, 0.9110016936188811,
      0.8742480663867382, 0.8506746888094544, 0.8685733537296038, 1.0,
      0.9935044068344849
    ],
    "accuracy": 0.9779
  },
  "10": {
    "maps": [
      0.8504416048361361, 0.9144510220682095, 0.9390536709384366,
      0.9784947962194056, 0.9368547576555388, 0.995849609375, 1.0,
      0.6865088036963037, 0.9680801132461289, 1.0, 0.9710511222718254,
      0.9650670997838966, 0.9366398629582222, 0.915205595186064,
      0.9208313442200161, 1.0, 1.0
    ],
    "accuracy": 0.989
  },
  "15": {
    "maps": [
      0.8891194580159424, 0.8972307965472028, 0.9460737775679182, 1.0,
      0.9565855910582474, 1.0, 1.0, 0.7569307374483156, 0.9233145489493145, 1.0,
      0.9624577896062271, 0.957742024685384, 0.9523885836385836,
      0.9233667862085831, 0.9456380208333334, 1.0, 1.0
    ],
    "accuracy": 0.989
  },
  "19": {
    "maps": [
      0.9262149363223582, 0.896379477727134, 0.970028409090909, 1.0,
      0.9808495920312326, 1.0, 1.0, 0.8118990493013931, 0.9722625248015873, 1.0,
      0.9631235301157176, 0.983317393327159, 0.9373510766577173,
      0.9735844179691836, 0.9554190763663419, 0.9950096940819597, 1.0
    ],
    "accuracy": 0.9816
  }
}
