{
  "0": {
    "maps": [
      0.034992654914529915, 0.03877242007124819, 0.055072981488997114,
      0.0480331951035076, 0.09008535409902599, 0.11045459531787656,
      0.044337205762987004, 0.03330522017045455, 0.07436100683170994,
      0.11350215539668664, 0.25274421216804027, 0.08496170170974857,
      0.14271632772609333, 0.03920475683170996, 0.0960543200289294,
      0.16224050472097348, 0.06137421064178876
    ],
    "accuracy": 0.2868
  },
  "5": {
    "maps": [
      0.06796325961365024, 0.07841808798840048, 0.10789610779845155,
      0.0936521161130536, 0.1603634484005578, 0.23339450805271117,
      0.25319225045787547, 0.09509846707112332, 0.19786712853119107,
      0.140889465352356, 0.10050242184031245, 0.12594679083936897,
      0.2460327703980048, 0.07188612169080918, 0.19473563545829173,
      0.32344205273892773, 0.19060968328546454
    ],
    "accuracy": 0.375
  },
  "10": {
    "maps": [
      0.1226050750464813, 0.08348916708291708, 0.1940866642038517,
      0.17064706127206128, 0.26986831527847155, 0.25883300727050723,
      0.4320114889450827, 0.10763585372960373, 0.4761031882613914,
      0.286114270928724, 0.17577144535152348, 0.15646129586559274,
      0.13674763821248198, 0.09606059630473694, 0.28993018158057215,
      0.29493590719176654, 0.24406984616945554
    ],
    "accuracy": 0.4559
  },
  "15": {
    "maps": [
      0.12198110591665279, 0.23098887874278498, 0.27944509917166166,
      0.15058195385343826, 0.14450664353008102, 0.3204831626706627,
      0.4914025156700938, 0.11378234937805248, 0.45839306635205074,
      0.2606433605457043, 0.139245866980242, 0.15627447097173663,
      0.2402384399454712, 0.16930002506174383, 0.3329170558174464,
      0.3443266314848346, 0.2891794132516789
    ],
    "accuracy": 0.4632
  },
  "19": {
    "maps": [
      0.12980452165022477, 0.20582538663593353, 0.29155531968031967,
      0.2203715717875874, 0.2676067855755356, 0.414167451472139,
      0.5033424583229271, 0.10010741211913085, 0.525919924259768,
      0.428708915867119, 0.2617696051778083, 0.20430152529761902,
      0.2581196472798036, 0.35751981308621933, 0.398909499788406,
      0.31756481907849093, 0.4527935985455517
    ],
    "accuracy": 0.5368
  }
}
