{
  "0": {
    "maps": [
      0.02335859127851315, 0.0743205795940171, 0.1061340569153069,
      0.041648076316045064, 0.10618270618270617, 0.14517867115523364,
      0.054214871500027746, 0.03486555761946387, 0.09180435991959429,
      0.08647479365252801, 0.25668578383422136, 0.09224791592955656,
      0.12064531063554498, 0.09540817255661006, 0.0841106593059718,
      0.16314356216699966, 0.031693691508144634
    ],
    "accuracy": 0.3051
  },
  "5": {
    "maps": [
      0.08876435521943334, 0.35605404794857926, 0.21323635132228883,
      0.3990295511779887, 0.1503464525925463, 0.22375255495372684,
      0.7317335875929627, 0.10081079402368466, 0.44836206545190926,
      0.3804229678741399, 0.6280767680670025, 0.17095353106095296,
      0.14242097962801084, 0.3804432817616412, 0.1260321004949911,
      0.4315964851121101, 0.2360576543682013
    ],
    "accuracy": 0.5257
  },
  "10": {
    "maps": [
      0.08277506456217393, 0.37833020928724054, 0.23592840536199913,
      0.5010571513989482, 0.2879356700157481, 0.22841305287594352,
      0.7495657554251304, 0.07892895407543846, 0.45472294632450877,
      0.35617175792957045, 0.7164199840957653, 0.2622175296491702,
      0.15371139819382007, 0.3537227475215756, 0.13984105087620713,
      0.4976189879998474, 0.5063202043182512
    ],
    "accuracy": 0.5919
  },
  "15": {
    "maps": [
      0.08966696823142135, 0.45764304597312416, 0.3368108345647408,
      0.50428088621448, 0.2606651811729937, 0.22454639002490567,
      0.8194252199623293, 0.13656171844648407, 0.5317221623862249,
      0.41431222315011373, 0.6376857734279608, 0.18463702096514595,
      0.16999338010080203, 0.40170555898094956, 0.19621902077956765,
      0.510078072968698, 0.5160392613029332
    ],
    "accuracy": 0.5846
  },
  "19": {
    "maps": [
      0.10878955571338383, 0.381284714634324, 0.3575166695283883,
      0.5402895444399349, 0.37379694957819964, 0.22030613700535576,
      0.8492391993856837, 0.09992866833687147, 0.4650815764097014,
      0.5076960691218504, 0.6493358529491343, 0.263846293680278,
      0.1937815060373654, 0.37255707617035744, 0.1903899323332917,
      0.5000710986062549, 0.6127094530903123
    ],
    "accuracy": 0.5919
  }
}
