{
  "0": {
    "maps": [
      0.4323875506004413, 0.24436111848221226, 0.29540038954101455,
      0.35007456193979636, 0.41727008343219285, 0.4647747109661171,
      0.4636939991432179, 0.13021472342761406, 0.5392716658341657,
      0.6816347606386668, 0.6845199017562298, 0.5279226470144438,
      0.7178549965659341, 0.33142079816884507, 0.5260002367424244,
      0.8127772184412809, 0.6105265340128622
    ],
    "accuracy": 0.7794
  },
  "5": {
    "maps": [
      0.5324007535433317, 0.6567229591155372, 0.8278003463550339,
      0.8050442125149155, 0.8255834605932262, 0.9668051566489066, 0.99609375,
      0.5271960515612859, 0.9474066840277777, 0.9400390625, 0.8804873511904762,
      0.9408946522227771, 0.722041716963592, 0.7431326648611806,
      0.8843355646090021, 0.9014433374784938, 0.8831066611340049
    ],
    "accuracy": 0.9191
  },
  "10": {
    "maps": [
      0.6963342159142941, 0.8394676829247143, 0.9341428590940309,
      0.8834008114281552, 0.9300714801691364, 0.9874976748511906,
      0.9603177963529526, 0.6740524666305916, 0.9516741071428572,
      0.9639973958333333, 0.8716122581845238, 0.840867395408411,
      0.7482192666274698, 0.7019355048163642, 0.8902991214514653,
      0.8970540364583333, 0.9583037351103757
    ],
    "accuracy": 0.9375
  },
  "15": {
    "maps": [
      0.8016524436934592, 0.9025668884067322, 0.946781625492563,
      0.9853423594634532, 0.9582702670593296, 0.9593170826569264,
      0.9838169642857143, 0.7252962586458679, 0.9782513710248085,
      0.9610877403846154, 0.9020300662878787, 0.9003875735809329,
      0.789761768179737, 0.8709492926778083, 0.87082119811612,
      0.9249173244290432, 0.9460876471618659
    ],
    "accuracy": 0.9522
  },
  "19": {
    "maps": [
      0.8066148315660034, 0.9134732129849317, 0.9500163248210123,
      0.9187393444229381, 0.9616731575715951, 1.0, 0.9419823503319597,
      0.6316547818500945, 0.9955891927083333, 1.0, 0.9073230859851954,
      0.8711299984737485, 0.7265843423069985, 0.8670960495667527,
      0.8925676266008298, 0.8946074433379121, 0.969000297662407
    ],
    "accuracy": 0.9375
  }
}
