{"0": {"maps": [0.32311340460754523, 0.15813000476086414, 0.5703348680399463, 0.39093513365974303, 0.24382897376061435, 0.5309302351294539, 0.5531587119477746, 0.11180158816877568, 0.5110675023760961, 0.8786609711902681, 0.9930161255844849, 0.5035640683101621, 0.5704599491220586, 0.39935957055097676, 0.5721346687167, 0.7505251746950966, 0.6256422397047398], "accuracy": 0.7904}, "5": {"maps": [0.5275159031506689, 0.7875734400148463, 0.6652751816326035, 0.9381288416444666, 0.7568151358190421, 0.8610698437846875, 0.9096509122388029, 0.436895997882326, 0.8541454693310162, 0.8310554408698939, 0.8553958357181013, 0.800304822130994, 0.7035638894525614, 0.7777566996805279, 0.7205773664269757, 0.8908175429171522, 0.8463566598332222], "accuracy": 0.9191}, "10": {"maps": [0.6960043428793429, 0.895487872587482, 0.91570758885212, 0.9375986264169858, 0.9422566962117744, 0.9015266905403625, 0.995849609375, 0.6984802849060662, 0.9400540865384616, 0.9517073421370296, 0.8811197916666667, 0.876316852635212, 0.9166114430274586, 0.9116864038739039, 0.8127559614864301, 0.9137963165306915, 0.9342913271624209], "accuracy": 0.9559}, "15": {"maps": [0.7580610470258907, 0.8758841418997668, 0.8551483889374514, 1.0, 0.9496619482947608, 0.9831302107181014, 0.9533032126293844, 0.760955618816947, 0.9397727272727273, 0.9182573611284549, 0.8912343082264957, 0.9240952948960761, 0.9844037743940087, 0.8979428503354284, 0.869302290591353, 0.9034904656974969, 0.9788504464285714], "accuracy": 0.9485}, "19": {"maps": [0.7775091011419135, 0.9603746676500583, 0.9220860031895188, 0.9624715182820652, 0.9726247656423438, 0.9916829427083333, 0.9704615046411922, 0.8403659383151569, 0.9276135648205961, 0.9345160590277778, 0.9069872510302198, 0.9842823300831113, 0.9946841732486263, 0.8915459865655178, 0.8301559063766095, 0.8928896949404762, 0.9871358242451992], "accuracy": 0.9706}}