{
  "0": {
    "maps": [
      0.01961905824210512, 0.0360378228542291, 0.11823515568632753,
      0.026458253118409367, 0.06798380113809802, 0.1276263612689394,
      0.025062502601565104, 0.02000536897997835, 0.017585170905483404,
      0.03885745873050561, 0.023214610909923408, 0.054197083298645796,
      0.08731778746427184, 0.03866176683559496, 0.10513217251498501,
      0.019616846911768782, 0.03235003928363304
    ],
    "accuracy": 0.1691
  },
  "5": {
    "maps": [
      0.027984618463134086, 0.03295680014430015, 0.041983168740981236,
      0.019879941022519148, 0.020825403979700854, 0.10101489222582972,
      0.010274339375901878, 0.020745460052100678, 0.011067708333333334,
      0.0334379650297619, 0.05197386164183039, 0.05460301959325396,
      0.11144035001456876, 0.029438145404942277, 0.17746177433677435,
      0.13065672933836997, 0.05168158122259685
    ],
    "accuracy": 0.2243
  },
  "10": {
    "maps": [
      0.02380297111742424, 0.01626488203636641, 0.02205837782009657,
      0.04032869257478633, 0.05287991088772337, 0.09072043949973638,
      0.016331606761294262, 0.04097687793976856, 0.005916251717032968,
      0.03695394232503608, 0.10119596115689866, 0.04698550147768897,
      0.10416507862796923, 0.03460561248647186, 0.09525862050276111,
      0.15136427157911528, 0.06453802816107503
    ],
    "accuracy": 0.1949
  },
  "15": {
    "maps": [
      0.026467488674519927, 0.032574619391025635, 0.04996446695665445,
      0.04397493782259407, 0.06875798897283272, 0.10684649009844321,
      0.042606026785714284, 0.0424720353431291, 0.01704714556277056,
      0.057409241149475536, 0.17174269415480353, 0.05771106064074815,
      0.10579677483974359, 0.02827750591422467, 0.10019602251047562,
      0.1519452010662948, 0.0379524934700716
    ],
    "accuracy": 0.2169
  },
  "19": {
    "maps": [
      0.04520015032710344, 0.07070011152042402, 0.09118927947052949,
      0.04700023284007659, 0.08609300313401876, 0.10373713200861638,
      0.04470766863344988, 0.03959967441412754, 0.03811172551406927,
      0.062008770309551556, 0.2229167371257215, 0.03926427305333555,
      0.08479616629030691, 0.037416999233405475, 0.11092359788648849,
      0.18381193459318457, 0.06348209082584082
    ],
    "accuracy": 0.2132
  }
}
