{"0": {"maps": [0.32240854848276723, 0.1899799907124126, 0.5086929888687702, 0.4938963271971084, 0.49496844301531806, 0.6590058921113607, 0.658791284670191, 0.21881061104693916, 0.5429340245258213, 0.7455848296668609, 1.0, 0.7904338825237263, 0.4832192980630481, 0.3036224734466922, 0.6511437130577756, 0.8699017074505356, 0.779674177818709], "accuracy": 0.8529}, "5": {"maps": [0.7716678991581335, 0.9102558194843351, 0.9290121445394882, 0.9797259706439394, 0.9865205324189699, 1.0, 0.9649371895465645, 0.7051465082226802, 0.9447037337662337, 1.0, 0.94765625, 0.937972053987679, 0.8633632643398269, 0.9536911222458097, 0.9217102071105978, 0.9202715145097958, 0.980224609375], "accuracy": 0.9779}, "10": {"maps": [0.900376625327797, 0.9268022938433095, 0.9375206987023393, 0.97257748761655, 0.9900492357035325, 1.0, 1.0, 0.8013567649798118, 0.9651889993686869, 1.0, 0.9387520032051282, 0.9596972309374652, 0.9425151671245421, 0.9664304716550811, 0.9102409417839105, 0.9885141009164446, 1.0], "accuracy": 0.9816}, "15": {"maps": [0.9470124601960539, 0.9762069473495255, 0.9757729195717477, 0.9752453492687867, 0.9817632779546842, 1.0, 1.0, 0.8159570735254329, 0.9585611979166666, 0.9921875, 0.918432424780081, 0.9330759247263153, 0.9318191248855311, 0.9427757409691003, 0.9073100781596874, 0.9746881482233045, 1.0], "accuracy": 0.9853}, "19": {"maps": [0.9504912351103758, 0.9830493237231519, 0.9833467042939699, 0.995849609375, 0.9918070482035326, 1.0, 1.0, 0.7937071283750972, 0.9650668450473138, 1.0, 0.9421524113906926, 0.9693604951905733, 0.9407552083333334, 0.9683993957431457, 0.9087782443251193, 1.0, 1.0], "accuracy": 0.9853}}