{
  "0": {
    "maps": [
      0.02842025595931846, 0.0317908491248335, 0.12046418750520312,
      0.019607589675949052, 0.07286190372127871, 0.12996376995400433,
      0.023960349546287042, 0.02565021241779054, 0.01874577245670996,
      0.035483900864760234, 0.023408611787518036, 0.047833546661671666,
      0.07322084924623988, 0.036208886599511596, 0.10242071296758797,
      0.020653565184815186, 0.0344659247002997
    ],
    "accuracy": 0.1654
  },
  "5": {
    "maps": [
      0.020326293714965592, 0.031144734172077918, 0.021826291113400488,
      0.02156901258463758, 0.0094690248987124, 0.08351258116883116,
      0.005267518939393939, 0.021109619547119547, 0.023245374417249418,
      0.032057899782509156, 0.04234184326957764, 0.037919274735680984,
      0.10406961744852371, 0.02391119622564935, 0.19397286199044012,
      0.13905685243575866, 0.04743500856782106
    ],
    "accuracy": 0.1618
  },
  "10": {
    "maps": [
      0.04753975950265013, 0.0276228274763431, 0.012745831642316017,
      0.04567367311507936, 0.04152649650696525, 0.08807367762445886,
      0.016243630501443, 0.03462576919608169, 0.009596187232905982,
      0.028495858525155397, 0.15881099694576256, 0.04307147388202076,
      0.10473361274142524, 0.028003181714119217, 0.1635396775533494,
      0.17569318702131204, 0.06375747733169608
    ],
    "accuracy": 0.2279
  },
  "15": {
    "maps": [
      0.025582154390748135, 0.046076785627566876, 0.030232181013431014,
      0.04327545826569264, 0.03886522548631923, 0.12525408619158618,
      0.02432296436202686, 0.03878419757326007, 0.016255413423382173,
      0.054091427235958486, 0.0958962857888639, 0.031945701867576864,
      0.12015608089826839, 0.03932241261342823, 0.1516108078119797,
      0.11326772186147187, 0.07544087314595127
    ],
    "accuracy": 0.25
  },
  "19": {
    "maps": [
      0.027043518547424802, 0.06230927275849151, 0.04262702358405483,
      0.03648024067945943, 0.04389484213702964, 0.13937442223575033,
      0.028550887046980795, 0.035700622077575205, 0.03224755387841326,
      0.032800841736388614, 0.18612276937472252, 0.027007378472222218,
      0.08428191816863691, 0.037929182362776113, 0.12420085340007216,
      0.19779814911650845, 0.07188805660485346
    ],
    "accuracy": 0.2537
  }
}
