{"0": {"maps": [0.006012834821428571, 0.026736252029220777, 0.04352831413378288, 0.011390904017857143, 0.007077752976190476, 0.07261582818223443, 0.01226128472222222, 0.014579869999791873, 0.008913666628510378, 0.05286223108488733, 0.014923878205128206, 0.024345283622627372, 0.09721029838217338, 0.028348637040043288, 0.2195150389974609, 0.0236394356511544, 0.043339635624791865], "accuracy": 0.1397}}