{"0": {"maps": [0.321981404012654, 0.23382903988372739, 0.563320685390998, 0.470818423113345, 0.36719845909299037, 0.5845657326614359, 0.34016516252844375, 0.21252226506132754, 0.6287987132225412, 0.8477339012983544, 0.986131121482684, 0.6993899655032467, 0.5071663145881896, 0.4118413921148296, 0.6354448611284549, 0.9257511152042401, 0.763015977078477], "accuracy": 0.8162}, "5": {"maps": [0.7823602179070929, 0.8678337341911561, 0.8650859177714646, 0.968889942522755, 0.9308725454233266, 0.9584583927357364, 1.0, 0.6611265199644105, 0.9682870514901765, 1.0, 0.8980959145021645, 0.8942323518495393, 0.8067953259847792, 0.7943237209838773, 0.8498176411262348, 0.9654903527462121, 0.9695978175470363], "accuracy": 0.9596}, "10": {"maps": [0.8858393396967614, 0.9148141517770424, 0.9626008106476855, 0.989918252320596, 0.995849609375, 0.9953101748511904, 1.0, 0.8015788356608667, 1.0, 1.0, 0.8896484375, 0.9715744758713508, 0.8350588105470917, 0.8552253952644577, 0.8575642835896743, 0.9594386245265152, 1.0], "accuracy": 0.9779}, "15": {"maps": [0.9492331290671134, 0.9455907536473942, 0.9622305212148963, 1.0, 0.9559759251165502, 0.99609375, 1.0, 0.7975463338744588, 1.0, 1.0, 0.9014043898809523, 0.9736633321105977, 0.9308973578504829, 0.9327063290442197, 0.8298486886377511, 0.9584612652972028, 1.0], "accuracy": 0.989}, "19": {"maps": [0.9790020146953741, 0.8810079948263543, 0.9807067877868659, 1.0, 1.0, 1.0, 1.0, 0.8351725531413031, 1.0, 1.0, 0.9208126996701216, 0.9896938673305861, 0.9484139070564852, 0.9631452315046065, 0.8196898153929403, 0.9885436937194749, 1.0], "accuracy": 0.9743}}